rating,average_length
positive,3.7662337662337664
negative,3.081081081081081
